Feuillet250K,Nom_Feuillet250K,Lien_REPERTOIRE,Lien_FGDB,Lien_GPKG
23C,LAC VALLARD,https://diffusion.mffp.gouv.qc.ca/Diffusion/DonneeGratuite/Foret/DONNEES_FOR_ECO_SUD/Resultats_inventaire_et_carte_ecofor/02-Donnees/Decoupage250K/23C/,https://diffusion.mffp.gouv.qc.ca/Diffusion/DonneeGratuite/Foret/DONNEES_FOR_ECO_SUD/Resultats_inventaire_et_carte_ecofor/02-Donnees/Decoupage250K/23C/PRODUITS_IEQM_23C_GDB.zip,https://diffusion.mffp.gouv.qc.ca/Diffusion/DonneeGratuite/Foret/DONNEES_FOR_ECO_SUD/Resultats_inventaire_et_carte_ecofor/02-Donnees/Decoupage250K/23C/PRODUITS_IEQM_23C_GPKG.zip
23B,LAC OPOCOPA,https://diffusion.mffp.gouv.qc.ca/Diffusion/DonneeGratuite/Foret/DONNEES_FOR_ECO_SUD/Resultats_inventaire_et_carte_ecofor/02-Donnees/Decoupage250K/23B/,https://diffusion.mffp.gouv.qc.ca/Diffusion/DonneeGratuite/Foret/DONNEES_FOR_ECO_SUD/Resultats_inventaire_et_carte_ecofor/02-Donnees/Decoupage250K/23B/PRODUITS_IEQM_23B_GDB.zip,https://diffusion.mffp.gouv.qc.ca/Diffusion/DonneeGratuite/Foret/DONNEES_FOR_ECO_SUD/Resultats_inventaire_et_carte_ecofor/02-Donnees/Decoupage250K/23B/PRODUITS_IEQM_23B_GPKG.zip
32N,LAC NEMISCAU,https://diffusion.mffp.gouv.qc.ca/Diffusion/DonneeGratuite/Foret/DONNEES_FOR_ECO_SUD/Resultats_inventaire_et_carte_ecofor/02-Donnees/Decoupage250K/32N/,https://diffusion.mffp.gouv.qc.ca/Diffusion/DonneeGratuite/Foret/DONNEES_FOR_ECO_SUD/Resultats_inventaire_et_carte_ecofor/02-Donnees/Decoupage250K/32N/PRODUITS_IEQM_32N_GDB.zip,https://diffusion.mffp.gouv.qc.ca/Diffusion/DonneeGratuite/Foret/DONNEES_FOR_ECO_SUD/Resultats_inventaire_et_carte_ecofor/02-Donnees/Decoupage250K/32N/PRODUITS_IEQM_32N_GPKG.zip
32O,LAC MESGOUEZ,https://diffusion.mffp.gouv.qc.ca/Diffusion/DonneeGratuite/Foret/DONNEES_FOR_ECO_SUD/Resultats_inventaire_et_carte_ecofor/02-Donnees/Decoupage250K/32O/,https://diffusion.mffp.gouv.qc.ca/Diffusion/DonneeGratuite/Foret/DONNEES_FOR_ECO_SUD/Resultats_inventaire_et_carte_ecofor/02-Donnees/Decoupage250K/32O/PRODUITS_IEQM_32O_GDB.zip,https://diffusion.mffp.gouv.qc.ca/Diffusion/DonneeGratuite/Foret/DONNEES_FOR_ECO_SUD/Resultats_inventaire_et_carte_ecofor/02-Donnees/Decoupage250K/32O/PRODUITS_IEQM_32O_GPKG.zip
32P,LAC BAUDEAU,https://diffusion.mffp.gouv.qc.ca/Diffusion/DonneeGratuite/Foret/DONNEES_FOR_ECO_SUD/Resultats_inventaire_et_carte_ecofor/02-Donnees/Decoupage250K/32P/,https://diffusion.mffp.gouv.qc.ca/Diffusion/DonneeGratuite/Foret/DONNEES_FOR_ECO_SUD/Resultats_inventaire_et_carte_ecofor/02-Donnees/Decoupage250K/32P/PRODUITS_IEQM_32P_GDB.zip,https://diffusion.mffp.gouv.qc.ca/Diffusion/DonneeGratuite/Foret/DONNEES_FOR_ECO_SUD/Resultats_inventaire_et_carte_ecofor/02-Donnees/Decoupage250K/32P/PRODUITS_IEQM_32P_GPKG.zip
22M,LAC PLÉTIPI,https://diffusion.mffp.gouv.qc.ca/Diffusion/DonneeGratuite/Foret/DONNEES_FOR_ECO_SUD/Resultats_inventaire_et_carte_ecofor/02-Donnees/Decoupage250K/22M/,https://diffusion.mffp.gouv.qc.ca/Diffusion/DonneeGratuite/Foret/DONNEES_FOR_ECO_SUD/Resultats_inventaire_et_carte_ecofor/02-Donnees/Decoupage250K/22M/PRODUITS_IEQM_22M_GDB.zip,https://diffusion.mffp.gouv.qc.ca/Diffusion/DonneeGratuite/Foret/DONNEES_FOR_ECO_SUD/Resultats_inventaire_et_carte_ecofor/02-Donnees/Decoupage250K/22M/PRODUITS_IEQM_22M_GPKG.zip
22N,RÉSERVOIR MANICOUAGAN,https://diffusion.mffp.gouv.qc.ca/Diffusion/DonneeGratuite/Foret/DONNEES_FOR_ECO_SUD/Resultats_inventaire_et_carte_ecofor/02-Donnees/Decoupage250K/22N/,https://diffusion.mffp.gouv.qc.ca/Diffusion/DonneeGratuite/Foret/DONNEES_FOR_ECO_SUD/Resultats_inventaire_et_carte_ecofor/02-Donnees/Decoupage250K/22N/PRODUITS_IEQM_22N_GDB.zip,https://diffusion.mffp.gouv.qc.ca/Diffusion/DonneeGratuite/Foret/DONNEES_FOR_ECO_SUD/Resultats_inventaire_et_carte_ecofor/02-Donnees/Decoupage250K/22N/PRODUITS_IEQM_22N_GPKG.zip
22O,LAC FOUQUET,https://diffusion.mffp.gouv.qc.ca/Diffusion/DonneeGratuite/Foret/DONNEES_FOR_ECO_SUD/Resultats_inventaire_et_carte_ecofor/02-Donnees/Decoupage250K/22O/,https://diffusion.mffp.gouv.qc.ca/Diffusion/DonneeGratuite/Foret/DONNEES_FOR_ECO_SUD/Resultats_inventaire_et_carte_ecofor/02-Donnees/Decoupage250K/22O/PRODUITS_IEQM_22O_GDB.zip,https://diffusion.mffp.gouv.qc.ca/Diffusion/DonneeGratuite/Foret/DONNEES_FOR_ECO_SUD/Resultats_inventaire_et_carte_ecofor/02-Donnees/Decoupage250K/22O/PRODUITS_IEQM_22O_GPKG.zip
22P,LAC FOURNIER,https://diffusion.mffp.gouv.qc.ca/Diffusion/DonneeGratuite/Foret/DONNEES_FOR_ECO_SUD/Resultats_inventaire_et_carte_ecofor/02-Donnees/Decoupage250K/22P/,https://diffusion.mffp.gouv.qc.ca/Diffusion/DonneeGratuite/Foret/DONNEES_FOR_ECO_SUD/Resultats_inventaire_et_carte_ecofor/02-Donnees/Decoupage250K/22P/PRODUITS_IEQM_22P_GDB.zip,https://diffusion.mffp.gouv.qc.ca/Diffusion/DonneeGratuite/Foret/DONNEES_FOR_ECO_SUD/Resultats_inventaire_et_carte_ecofor/02-Donnees/Decoupage250K/22P/PRODUITS_IEQM_22P_GPKG.zip
12M,LAC DE MORHIBAN,https://diffusion.mffp.gouv.qc.ca/Diffusion/DonneeGratuite/Foret/DONNEES_FOR_ECO_SUD/Resultats_inventaire_et_carte_ecofor/02-Donnees/Decoupage250K/12M/,https://diffusion.mffp.gouv.qc.ca/Diffusion/DonneeGratuite/Foret/DONNEES_FOR_ECO_SUD/Resultats_inventaire_et_carte_ecofor/02-Donnees/Decoupage250K/12M/PRODUITS_IEQM_12M_GDB.zip,https://diffusion.mffp.gouv.qc.ca/Diffusion/DonneeGratuite/Foret/DONNEES_FOR_ECO_SUD/Resultats_inventaire_et_carte_ecofor/02-Donnees/Decoupage250K/12M/PRODUITS_IEQM_12M_GPKG.zip
12N,RIVIÈRE NATASHQUAN,https://diffusion.mffp.gouv.qc.ca/Diffusion/DonneeGratuite/Foret/DONNEES_FOR_ECO_SUD/Resultats_inventaire_et_carte_ecofor/02-Donnees/Decoupage250K/12N/,https://diffusion.mffp.gouv.qc.ca/Diffusion/DonneeGratuite/Foret/DONNEES_FOR_ECO_SUD/Resultats_inventaire_et_carte_ecofor/02-Donnees/Decoupage250K/12N/PRODUITS_IEQM_12N_GDB.zip,https://diffusion.mffp.gouv.qc.ca/Diffusion/DonneeGratuite/Foret/DONNEES_FOR_ECO_SUD/Resultats_inventaire_et_carte_ecofor/02-Donnees/Decoupage250K/12N/PRODUITS_IEQM_12N_GPKG.zip
32L,RIVIÈRE HARRICANA,https://diffusion.mffp.gouv.qc.ca/Diffusion/DonneeGratuite/Foret/DONNEES_FOR_ECO_SUD/Resultats_inventaire_et_carte_ecofor/02-Donnees/Decoupage250K/32L/,https://diffusion.mffp.gouv.qc.ca/Diffusion/DonneeGratuite/Foret/DONNEES_FOR_ECO_SUD/Resultats_inventaire_et_carte_ecofor/02-Donnees/Decoupage250K/32L/PRODUITS_IEQM_32L_GDB.zip,https://diffusion.mffp.gouv.qc.ca/Diffusion/DonneeGratuite/Foret/DONNEES_FOR_ECO_SUD/Resultats_inventaire_et_carte_ecofor/02-Donnees/Decoupage250K/32L/PRODUITS_IEQM_32L_GPKG.zip
32K,LAC EVANS,https://diffusion.mffp.gouv.qc.ca/Diffusion/DonneeGratuite/Foret/DONNEES_FOR_ECO_SUD/Resultats_inventaire_et_carte_ecofor/02-Donnees/Decoupage250K/32K/,https://diffusion.mffp.gouv.qc.ca/Diffusion/DonneeGratuite/Foret/DONNEES_FOR_ECO_SUD/Resultats_inventaire_et_carte_ecofor/02-Donnees/Decoupage250K/32K/PRODUITS_IEQM_32K_GDB.zip,https://diffusion.mffp.gouv.qc.ca/Diffusion/DonneeGratuite/Foret/DONNEES_FOR_ECO_SUD/Resultats_inventaire_et_carte_ecofor/02-Donnees/Decoupage250K/32K/PRODUITS_IEQM_32K_GPKG.zip
32J,LAC ASSINICA,https://diffusion.mffp.gouv.qc.ca/Diffusion/DonneeGratuite/Foret/DONNEES_FOR_ECO_SUD/Resultats_inventaire_et_carte_ecofor/02-Donnees/Decoupage250K/32J/,https://diffusion.mffp.gouv.qc.ca/Diffusion/DonneeGratuite/Foret/DONNEES_FOR_ECO_SUD/Resultats_inventaire_et_carte_ecofor/02-Donnees/Decoupage250K/32J/PRODUITS_IEQM_32J_GDB.zip,https://diffusion.mffp.gouv.qc.ca/Diffusion/DonneeGratuite/Foret/DONNEES_FOR_ECO_SUD/Resultats_inventaire_et_carte_ecofor/02-Donnees/Decoupage250K/32J/PRODUITS_IEQM_32J_GPKG.zip
32I,BAIE ABATAGOUCHE,https://diffusion.mffp.gouv.qc.ca/Diffusion/DonneeGratuite/Foret/DONNEES_FOR_ECO_SUD/Resultats_inventaire_et_carte_ecofor/02-Donnees/Decoupage250K/32I/,https://diffusion.mffp.gouv.qc.ca/Diffusion/DonneeGratuite/Foret/DONNEES_FOR_ECO_SUD/Resultats_inventaire_et_carte_ecofor/02-Donnees/Decoupage250K/32I/PRODUITS_IEQM_32I_GDB.zip,https://diffusion.mffp.gouv.qc.ca/Diffusion/DonneeGratuite/Foret/DONNEES_FOR_ECO_SUD/Resultats_inventaire_et_carte_ecofor/02-Donnees/Decoupage250K/32I/PRODUITS_IEQM_32I_GPKG.zip
22L,LAC PÉRIBONCA,https://diffusion.mffp.gouv.qc.ca/Diffusion/DonneeGratuite/Foret/DONNEES_FOR_ECO_SUD/Resultats_inventaire_et_carte_ecofor/02-Donnees/Decoupage250K/22L/,https://diffusion.mffp.gouv.qc.ca/Diffusion/DonneeGratuite/Foret/DONNEES_FOR_ECO_SUD/Resultats_inventaire_et_carte_ecofor/02-Donnees/Decoupage250K/22L/PRODUITS_IEQM_22L_GDB.zip,https://diffusion.mffp.gouv.qc.ca/Diffusion/DonneeGratuite/Foret/DONNEES_FOR_ECO_SUD/Resultats_inventaire_et_carte_ecofor/02-Donnees/Decoupage250K/22L/PRODUITS_IEQM_22L_GPKG.zip
22K,LAC BERTÉ,https://diffusion.mffp.gouv.qc.ca/Diffusion/DonneeGratuite/Foret/DONNEES_FOR_ECO_SUD/Resultats_inventaire_et_carte_ecofor/02-Donnees/Decoupage250K/22K/,https://diffusion.mffp.gouv.qc.ca/Diffusion/DonneeGratuite/Foret/DONNEES_FOR_ECO_SUD/Resultats_inventaire_et_carte_ecofor/02-Donnees/Decoupage250K/22K/PRODUITS_IEQM_22K_GDB.zip,https://diffusion.mffp.gouv.qc.ca/Diffusion/DonneeGratuite/Foret/DONNEES_FOR_ECO_SUD/Resultats_inventaire_et_carte_ecofor/02-Donnees/Decoupage250K/22K/PRODUITS_IEQM_22K_GPKG.zip
22J,SEPT-ÎLES,https://diffusion.mffp.gouv.qc.ca/Diffusion/DonneeGratuite/Foret/DONNEES_FOR_ECO_SUD/Resultats_inventaire_et_carte_ecofor/02-Donnees/Decoupage250K/22J/,https://diffusion.mffp.gouv.qc.ca/Diffusion/DonneeGratuite/Foret/DONNEES_FOR_ECO_SUD/Resultats_inventaire_et_carte_ecofor/02-Donnees/Decoupage250K/22J/PRODUITS_IEQM_22J_GDB.zip,https://diffusion.mffp.gouv.qc.ca/Diffusion/DonneeGratuite/Foret/DONNEES_FOR_ECO_SUD/Resultats_inventaire_et_carte_ecofor/02-Donnees/Decoupage250K/22J/PRODUITS_IEQM_22J_GPKG.zip
22I,LAC MANITOU,https://diffusion.mffp.gouv.qc.ca/Diffusion/DonneeGratuite/Foret/DONNEES_FOR_ECO_SUD/Resultats_inventaire_et_carte_ecofor/02-Donnees/Decoupage250K/22I/,https://diffusion.mffp.gouv.qc.ca/Diffusion/DonneeGratuite/Foret/DONNEES_FOR_ECO_SUD/Resultats_inventaire_et_carte_ecofor/02-Donnees/Decoupage250K/22I/PRODUITS_IEQM_22I_GDB.zip,https://diffusion.mffp.gouv.qc.ca/Diffusion/DonneeGratuite/Foret/DONNEES_FOR_ECO_SUD/Resultats_inventaire_et_carte_ecofor/02-Donnees/Decoupage250K/22I/PRODUITS_IEQM_22I_GPKG.zip
12L,HAVRE-SAINT-PIERRE,https://diffusion.mffp.gouv.qc.ca/Diffusion/DonneeGratuite/Foret/DONNEES_FOR_ECO_SUD/Resultats_inventaire_et_carte_ecofor/02-Donnees/Decoupage250K/12L/,https://diffusion.mffp.gouv.qc.ca/Diffusion/DonneeGratuite/Foret/DONNEES_FOR_ECO_SUD/Resultats_inventaire_et_carte_ecofor/02-Donnees/Decoupage250K/12L/PRODUITS_IEQM_12L_GDB.zip,https://diffusion.mffp.gouv.qc.ca/Diffusion/DonneeGratuite/Foret/DONNEES_FOR_ECO_SUD/Resultats_inventaire_et_carte_ecofor/02-Donnees/Decoupage250K/12L/PRODUITS_IEQM_12L_GPKG.zip
12K,MUSQUARO,https://diffusion.mffp.gouv.qc.ca/Diffusion/DonneeGratuite/Foret/DONNEES_FOR_ECO_SUD/Resultats_inventaire_et_carte_ecofor/02-Donnees/Decoupage250K/12K/,https://diffusion.mffp.gouv.qc.ca/Diffusion/DonneeGratuite/Foret/DONNEES_FOR_ECO_SUD/Resultats_inventaire_et_carte_ecofor/02-Donnees/Decoupage250K/12K/PRODUITS_IEQM_12K_GDB.zip,https://diffusion.mffp.gouv.qc.ca/Diffusion/DonneeGratuite/Foret/DONNEES_FOR_ECO_SUD/Resultats_inventaire_et_carte_ecofor/02-Donnees/Decoupage250K/12K/PRODUITS_IEQM_12K_GPKG.zip
32E,JOUTEL,https://diffusion.mffp.gouv.qc.ca/Diffusion/DonneeGratuite/Foret/DONNEES_FOR_ECO_SUD/Resultats_inventaire_et_carte_ecofor/02-Donnees/Decoupage250K/32E/,https://diffusion.mffp.gouv.qc.ca/Diffusion/DonneeGratuite/Foret/DONNEES_FOR_ECO_SUD/Resultats_inventaire_et_carte_ecofor/02-Donnees/Decoupage250K/32E/PRODUITS_IEQM_32E_GDB.zip,https://diffusion.mffp.gouv.qc.ca/Diffusion/DonneeGratuite/Foret/DONNEES_FOR_ECO_SUD/Resultats_inventaire_et_carte_ecofor/02-Donnees/Decoupage250K/32E/PRODUITS_IEQM_32E_GPKG.zip
32F,LAC WASWANIPI,https://diffusion.mffp.gouv.qc.ca/Diffusion/DonneeGratuite/Foret/DONNEES_FOR_ECO_SUD/Resultats_inventaire_et_carte_ecofor/02-Donnees/Decoupage250K/32F/,https://diffusion.mffp.gouv.qc.ca/Diffusion/DonneeGratuite/Foret/DONNEES_FOR_ECO_SUD/Resultats_inventaire_et_carte_ecofor/02-Donnees/Decoupage250K/32F/PRODUITS_IEQM_32F_GDB.zip,https://diffusion.mffp.gouv.qc.ca/Diffusion/DonneeGratuite/Foret/DONNEES_FOR_ECO_SUD/Resultats_inventaire_et_carte_ecofor/02-Donnees/Decoupage250K/32F/PRODUITS_IEQM_32F_GPKG.zip
32G,CHIBOUGAMAU,https://diffusion.mffp.gouv.qc.ca/Diffusion/DonneeGratuite/Foret/DONNEES_FOR_ECO_SUD/Resultats_inventaire_et_carte_ecofor/02-Donnees/Decoupage250K/32G/,https://diffusion.mffp.gouv.qc.ca/Diffusion/DonneeGratuite/Foret/DONNEES_FOR_ECO_SUD/Resultats_inventaire_et_carte_ecofor/02-Donnees/Decoupage250K/32G/PRODUITS_IEQM_32G_GDB.zip,https://diffusion.mffp.gouv.qc.ca/Diffusion/DonneeGratuite/Foret/DONNEES_FOR_ECO_SUD/Resultats_inventaire_et_carte_ecofor/02-Donnees/Decoupage250K/32G/PRODUITS_IEQM_32G_GPKG.zip
32H,RIVIÈRE MISTASSINI,https://diffusion.mffp.gouv.qc.ca/Diffusion/DonneeGratuite/Foret/DONNEES_FOR_ECO_SUD/Resultats_inventaire_et_carte_ecofor/02-Donnees/Decoupage250K/32H/,https://diffusion.mffp.gouv.qc.ca/Diffusion/DonneeGratuite/Foret/DONNEES_FOR_ECO_SUD/Resultats_inventaire_et_carte_ecofor/02-Donnees/Decoupage250K/32H/PRODUITS_IEQM_32H_GDB.zip,https://diffusion.mffp.gouv.qc.ca/Diffusion/DonneeGratuite/Foret/DONNEES_FOR_ECO_SUD/Resultats_inventaire_et_carte_ecofor/02-Donnees/Decoupage250K/32H/PRODUITS_IEQM_32H_GPKG.zip
22E,RÉSERVOIR PIPMUACAN,https://diffusion.mffp.gouv.qc.ca/Diffusion/DonneeGratuite/Foret/DONNEES_FOR_ECO_SUD/Resultats_inventaire_et_carte_ecofor/02-Donnees/Decoupage250K/22E/,https://diffusion.mffp.gouv.qc.ca/Diffusion/DonneeGratuite/Foret/DONNEES_FOR_ECO_SUD/Resultats_inventaire_et_carte_ecofor/02-Donnees/Decoupage250K/22E/PRODUITS_IEQM_22E_GDB.zip,https://diffusion.mffp.gouv.qc.ca/Diffusion/DonneeGratuite/Foret/DONNEES_FOR_ECO_SUD/Resultats_inventaire_et_carte_ecofor/02-Donnees/Decoupage250K/22E/PRODUITS_IEQM_22E_GPKG.zip
22F,BAIE-COMEAU,https://diffusion.mffp.gouv.qc.ca/Diffusion/DonneeGratuite/Foret/DONNEES_FOR_ECO_SUD/Resultats_inventaire_et_carte_ecofor/02-Donnees/Decoupage250K/22F/,https://diffusion.mffp.gouv.qc.ca/Diffusion/DonneeGratuite/Foret/DONNEES_FOR_ECO_SUD/Resultats_inventaire_et_carte_ecofor/02-Donnees/Decoupage250K/22F/PRODUITS_IEQM_22F_GDB.zip,https://diffusion.mffp.gouv.qc.ca/Diffusion/DonneeGratuite/Foret/DONNEES_FOR_ECO_SUD/Resultats_inventaire_et_carte_ecofor/02-Donnees/Decoupage250K/22F/PRODUITS_IEQM_22F_GPKG.zip
22G,CAP-CHAT,https://diffusion.mffp.gouv.qc.ca/Diffusion/DonneeGratuite/Foret/DONNEES_FOR_ECO_SUD/Resultats_inventaire_et_carte_ecofor/02-Donnees/Decoupage250K/22G/,https://diffusion.mffp.gouv.qc.ca/Diffusion/DonneeGratuite/Foret/DONNEES_FOR_ECO_SUD/Resultats_inventaire_et_carte_ecofor/02-Donnees/Decoupage250K/22G/PRODUITS_IEQM_22G_GDB.zip,https://diffusion.mffp.gouv.qc.ca/Diffusion/DonneeGratuite/Foret/DONNEES_FOR_ECO_SUD/Resultats_inventaire_et_carte_ecofor/02-Donnees/Decoupage250K/22G/PRODUITS_IEQM_22G_GPKG.zip
22H,PORT-MENIER,https://diffusion.mffp.gouv.qc.ca/Diffusion/DonneeGratuite/Foret/DONNEES_FOR_ECO_SUD/Resultats_inventaire_et_carte_ecofor/02-Donnees/Decoupage250K/22H/,https://diffusion.mffp.gouv.qc.ca/Diffusion/DonneeGratuite/Foret/DONNEES_FOR_ECO_SUD/Resultats_inventaire_et_carte_ecofor/02-Donnees/Decoupage250K/22H/PRODUITS_IEQM_22H_GDB.zip,https://diffusion.mffp.gouv.qc.ca/Diffusion/DonneeGratuite/Foret/DONNEES_FOR_ECO_SUD/Resultats_inventaire_et_carte_ecofor/02-Donnees/Decoupage250K/22H/PRODUITS_IEQM_22H_GPKG.zip
12E,ÎLE D'ANTICOSTI,https://diffusion.mffp.gouv.qc.ca/Diffusion/DonneeGratuite/Foret/DONNEES_FOR_ECO_SUD/Resultats_inventaire_et_carte_ecofor/02-Donnees/Decoupage250K/12E/,https://diffusion.mffp.gouv.qc.ca/Diffusion/DonneeGratuite/Foret/DONNEES_FOR_ECO_SUD/Resultats_inventaire_et_carte_ecofor/02-Donnees/Decoupage250K/12E/PRODUITS_IEQM_12E_GDB.zip,https://diffusion.mffp.gouv.qc.ca/Diffusion/DonneeGratuite/Foret/DONNEES_FOR_ECO_SUD/Resultats_inventaire_et_carte_ecofor/02-Donnees/Decoupage250K/12E/PRODUITS_IEQM_12E_GPKG.zip
12F,BAIE DU RENARD,https://diffusion.mffp.gouv.qc.ca/Diffusion/DonneeGratuite/Foret/DONNEES_FOR_ECO_SUD/Resultats_inventaire_et_carte_ecofor/02-Donnees/Decoupage250K/12F/,https://diffusion.mffp.gouv.qc.ca/Diffusion/DonneeGratuite/Foret/DONNEES_FOR_ECO_SUD/Resultats_inventaire_et_carte_ecofor/02-Donnees/Decoupage250K/12F/PRODUITS_IEQM_12F_GDB.zip,https://diffusion.mffp.gouv.qc.ca/Diffusion/DonneeGratuite/Foret/DONNEES_FOR_ECO_SUD/Resultats_inventaire_et_carte_ecofor/02-Donnees/Decoupage250K/12F/PRODUITS_IEQM_12F_GPKG.zip
32D,ROUYN-NORANDA,https://diffusion.mffp.gouv.qc.ca/Diffusion/DonneeGratuite/Foret/DONNEES_FOR_ECO_SUD/Resultats_inventaire_et_carte_ecofor/02-Donnees/Decoupage250K/32D/,https://diffusion.mffp.gouv.qc.ca/Diffusion/DonneeGratuite/Foret/DONNEES_FOR_ECO_SUD/Resultats_inventaire_et_carte_ecofor/02-Donnees/Decoupage250K/32D/PRODUITS_IEQM_32D_GDB.zip,https://diffusion.mffp.gouv.qc.ca/Diffusion/DonneeGratuite/Foret/DONNEES_FOR_ECO_SUD/Resultats_inventaire_et_carte_ecofor/02-Donnees/Decoupage250K/32D/PRODUITS_IEQM_32D_GPKG.zip
32C,SENNETERRE,https://diffusion.mffp.gouv.qc.ca/Diffusion/DonneeGratuite/Foret/DONNEES_FOR_ECO_SUD/Resultats_inventaire_et_carte_ecofor/02-Donnees/Decoupage250K/32C/,https://diffusion.mffp.gouv.qc.ca/Diffusion/DonneeGratuite/Foret/DONNEES_FOR_ECO_SUD/Resultats_inventaire_et_carte_ecofor/02-Donnees/Decoupage250K/32C/PRODUITS_IEQM_32C_GDB.zip,https://diffusion.mffp.gouv.qc.ca/Diffusion/DonneeGratuite/Foret/DONNEES_FOR_ECO_SUD/Resultats_inventaire_et_carte_ecofor/02-Donnees/Decoupage250K/32C/PRODUITS_IEQM_32C_GPKG.zip
32B,RÉSERVOIR GOUIN,https://diffusion.mffp.gouv.qc.ca/Diffusion/DonneeGratuite/Foret/DONNEES_FOR_ECO_SUD/Resultats_inventaire_et_carte_ecofor/02-Donnees/Decoupage250K/32B/,https://diffusion.mffp.gouv.qc.ca/Diffusion/DonneeGratuite/Foret/DONNEES_FOR_ECO_SUD/Resultats_inventaire_et_carte_ecofor/02-Donnees/Decoupage250K/32B/PRODUITS_IEQM_32B_GDB.zip,https://diffusion.mffp.gouv.qc.ca/Diffusion/DonneeGratuite/Foret/DONNEES_FOR_ECO_SUD/Resultats_inventaire_et_carte_ecofor/02-Donnees/Decoupage250K/32B/PRODUITS_IEQM_32B_GPKG.zip
32A,ROBERVAL,https://diffusion.mffp.gouv.qc.ca/Diffusion/DonneeGratuite/Foret/DONNEES_FOR_ECO_SUD/Resultats_inventaire_et_carte_ecofor/02-Donnees/Decoupage250K/32A/,https://diffusion.mffp.gouv.qc.ca/Diffusion/DonneeGratuite/Foret/DONNEES_FOR_ECO_SUD/Resultats_inventaire_et_carte_ecofor/02-Donnees/Decoupage250K/32A/PRODUITS_IEQM_32A_GDB.zip,https://diffusion.mffp.gouv.qc.ca/Diffusion/DonneeGratuite/Foret/DONNEES_FOR_ECO_SUD/Resultats_inventaire_et_carte_ecofor/02-Donnees/Decoupage250K/32A/PRODUITS_IEQM_32A_GPKG.zip
22D,CHICOUTIMI,https://diffusion.mffp.gouv.qc.ca/Diffusion/DonneeGratuite/Foret/DONNEES_FOR_ECO_SUD/Resultats_inventaire_et_carte_ecofor/02-Donnees/Decoupage250K/22D/,https://diffusion.mffp.gouv.qc.ca/Diffusion/DonneeGratuite/Foret/DONNEES_FOR_ECO_SUD/Resultats_inventaire_et_carte_ecofor/02-Donnees/Decoupage250K/22D/PRODUITS_IEQM_22D_GDB.zip,https://diffusion.mffp.gouv.qc.ca/Diffusion/DonneeGratuite/Foret/DONNEES_FOR_ECO_SUD/Resultats_inventaire_et_carte_ecofor/02-Donnees/Decoupage250K/22D/PRODUITS_IEQM_22D_GPKG.zip
22C,RIMOUSKI,https://diffusion.mffp.gouv.qc.ca/Diffusion/DonneeGratuite/Foret/DONNEES_FOR_ECO_SUD/Resultats_inventaire_et_carte_ecofor/02-Donnees/Decoupage250K/22C/,https://diffusion.mffp.gouv.qc.ca/Diffusion/DonneeGratuite/Foret/DONNEES_FOR_ECO_SUD/Resultats_inventaire_et_carte_ecofor/02-Donnees/Decoupage250K/22C/PRODUITS_IEQM_22C_GDB.zip,https://diffusion.mffp.gouv.qc.ca/Diffusion/DonneeGratuite/Foret/DONNEES_FOR_ECO_SUD/Resultats_inventaire_et_carte_ecofor/02-Donnees/Decoupage250K/22C/PRODUITS_IEQM_22C_GPKG.zip
22B,MATANE,https://diffusion.mffp.gouv.qc.ca/Diffusion/DonneeGratuite/Foret/DONNEES_FOR_ECO_SUD/Resultats_inventaire_et_carte_ecofor/02-Donnees/Decoupage250K/22B/,https://diffusion.mffp.gouv.qc.ca/Diffusion/DonneeGratuite/Foret/DONNEES_FOR_ECO_SUD/Resultats_inventaire_et_carte_ecofor/02-Donnees/Decoupage250K/22B/PRODUITS_IEQM_22B_GDB.zip,https://diffusion.mffp.gouv.qc.ca/Diffusion/DonneeGratuite/Foret/DONNEES_FOR_ECO_SUD/Resultats_inventaire_et_carte_ecofor/02-Donnees/Decoupage250K/22B/PRODUITS_IEQM_22B_GPKG.zip
22A,GASPÉ,https://diffusion.mffp.gouv.qc.ca/Diffusion/DonneeGratuite/Foret/DONNEES_FOR_ECO_SUD/Resultats_inventaire_et_carte_ecofor/02-Donnees/Decoupage250K/22A/,https://diffusion.mffp.gouv.qc.ca/Diffusion/DonneeGratuite/Foret/DONNEES_FOR_ECO_SUD/Resultats_inventaire_et_carte_ecofor/02-Donnees/Decoupage250K/22A/PRODUITS_IEQM_22A_GDB.zip,https://diffusion.mffp.gouv.qc.ca/Diffusion/DonneeGratuite/Foret/DONNEES_FOR_ECO_SUD/Resultats_inventaire_et_carte_ecofor/02-Donnees/Decoupage250K/22A/PRODUITS_IEQM_22A_GPKG.zip
31M,VILLE-MARIE,https://diffusion.mffp.gouv.qc.ca/Diffusion/DonneeGratuite/Foret/DONNEES_FOR_ECO_SUD/Resultats_inventaire_et_carte_ecofor/02-Donnees/Decoupage250K/31M/,https://diffusion.mffp.gouv.qc.ca/Diffusion/DonneeGratuite/Foret/DONNEES_FOR_ECO_SUD/Resultats_inventaire_et_carte_ecofor/02-Donnees/Decoupage250K/31M/PRODUITS_IEQM_31M_GDB.zip,https://diffusion.mffp.gouv.qc.ca/Diffusion/DonneeGratuite/Foret/DONNEES_FOR_ECO_SUD/Resultats_inventaire_et_carte_ecofor/02-Donnees/Decoupage250K/31M/PRODUITS_IEQM_31M_GPKG.zip
31N,GRAND-LAC-VICTORIA,https://diffusion.mffp.gouv.qc.ca/Diffusion/DonneeGratuite/Foret/DONNEES_FOR_ECO_SUD/Resultats_inventaire_et_carte_ecofor/02-Donnees/Decoupage250K/31N/,https://diffusion.mffp.gouv.qc.ca/Diffusion/DonneeGratuite/Foret/DONNEES_FOR_ECO_SUD/Resultats_inventaire_et_carte_ecofor/02-Donnees/Decoupage250K/31N/PRODUITS_IEQM_31N_GDB.zip,https://diffusion.mffp.gouv.qc.ca/Diffusion/DonneeGratuite/Foret/DONNEES_FOR_ECO_SUD/Resultats_inventaire_et_carte_ecofor/02-Donnees/Decoupage250K/31N/PRODUITS_IEQM_31N_GPKG.zip
31O,LAC KEMPT,https://diffusion.mffp.gouv.qc.ca/Diffusion/DonneeGratuite/Foret/DONNEES_FOR_ECO_SUD/Resultats_inventaire_et_carte_ecofor/02-Donnees/Decoupage250K/31O/,https://diffusion.mffp.gouv.qc.ca/Diffusion/DonneeGratuite/Foret/DONNEES_FOR_ECO_SUD/Resultats_inventaire_et_carte_ecofor/02-Donnees/Decoupage250K/31O/PRODUITS_IEQM_31O_GDB.zip,https://diffusion.mffp.gouv.qc.ca/Diffusion/DonneeGratuite/Foret/DONNEES_FOR_ECO_SUD/Resultats_inventaire_et_carte_ecofor/02-Donnees/Decoupage250K/31O/PRODUITS_IEQM_31O_GPKG.zip
31P,LA TUQUE,https://diffusion.mffp.gouv.qc.ca/Diffusion/DonneeGratuite/Foret/DONNEES_FOR_ECO_SUD/Resultats_inventaire_et_carte_ecofor/02-Donnees/Decoupage250K/31P/,https://diffusion.mffp.gouv.qc.ca/Diffusion/DonneeGratuite/Foret/DONNEES_FOR_ECO_SUD/Resultats_inventaire_et_carte_ecofor/02-Donnees/Decoupage250K/31P/PRODUITS_IEQM_31P_GDB.zip,https://diffusion.mffp.gouv.qc.ca/Diffusion/DonneeGratuite/Foret/DONNEES_FOR_ECO_SUD/Resultats_inventaire_et_carte_ecofor/02-Donnees/Decoupage250K/31P/PRODUITS_IEQM_31P_GPKG.zip
21M,BAIE-SAINT-PAUL,https://diffusion.mffp.gouv.qc.ca/Diffusion/DonneeGratuite/Foret/DONNEES_FOR_ECO_SUD/Resultats_inventaire_et_carte_ecofor/02-Donnees/Decoupage250K/21M/,https://diffusion.mffp.gouv.qc.ca/Diffusion/DonneeGratuite/Foret/DONNEES_FOR_ECO_SUD/Resultats_inventaire_et_carte_ecofor/02-Donnees/Decoupage250K/21M/PRODUITS_IEQM_21M_GDB.zip,https://diffusion.mffp.gouv.qc.ca/Diffusion/DonneeGratuite/Foret/DONNEES_FOR_ECO_SUD/Resultats_inventaire_et_carte_ecofor/02-Donnees/Decoupage250K/21M/PRODUITS_IEQM_21M_GPKG.zip
21N,EDMUNDSTON,https://diffusion.mffp.gouv.qc.ca/Diffusion/DonneeGratuite/Foret/DONNEES_FOR_ECO_SUD/Resultats_inventaire_et_carte_ecofor/02-Donnees/Decoupage250K/21N/,https://diffusion.mffp.gouv.qc.ca/Diffusion/DonneeGratuite/Foret/DONNEES_FOR_ECO_SUD/Resultats_inventaire_et_carte_ecofor/02-Donnees/Decoupage250K/21N/PRODUITS_IEQM_21N_GDB.zip,https://diffusion.mffp.gouv.qc.ca/Diffusion/DonneeGratuite/Foret/DONNEES_FOR_ECO_SUD/Resultats_inventaire_et_carte_ecofor/02-Donnees/Decoupage250K/21N/PRODUITS_IEQM_21N_GPKG.zip
21O,CAMPBELLTON,https://diffusion.mffp.gouv.qc.ca/Diffusion/DonneeGratuite/Foret/DONNEES_FOR_ECO_SUD/Resultats_inventaire_et_carte_ecofor/02-Donnees/Decoupage250K/21O/,https://diffusion.mffp.gouv.qc.ca/Diffusion/DonneeGratuite/Foret/DONNEES_FOR_ECO_SUD/Resultats_inventaire_et_carte_ecofor/02-Donnees/Decoupage250K/21O/PRODUITS_IEQM_21O_GDB.zip,https://diffusion.mffp.gouv.qc.ca/Diffusion/DonneeGratuite/Foret/DONNEES_FOR_ECO_SUD/Resultats_inventaire_et_carte_ecofor/02-Donnees/Decoupage250K/21O/PRODUITS_IEQM_21O_GPKG.zip
11M,N/A,https://diffusion.mffp.gouv.qc.ca/Diffusion/DonneeGratuite/Foret/DONNEES_FOR_ECO_SUD/Resultats_inventaire_et_carte_ecofor/02-Donnees/Decoupage250K/11M/,https://diffusion.mffp.gouv.qc.ca/Diffusion/DonneeGratuite/Foret/DONNEES_FOR_ECO_SUD/Resultats_inventaire_et_carte_ecofor/02-Donnees/Decoupage250K/11M/PRODUITS_IEQM_11M_GDB.zip,https://diffusion.mffp.gouv.qc.ca/Diffusion/DonneeGratuite/Foret/DONNEES_FOR_ECO_SUD/Resultats_inventaire_et_carte_ecofor/02-Donnees/Decoupage250K/11M/PRODUITS_IEQM_11M_GPKG.zip
11N,ÎLES DE LA MADELEINE,https://diffusion.mffp.gouv.qc.ca/Diffusion/DonneeGratuite/Foret/DONNEES_FOR_ECO_SUD/Resultats_inventaire_et_carte_ecofor/02-Donnees/Decoupage250K/11N/,https://diffusion.mffp.gouv.qc.ca/Diffusion/DonneeGratuite/Foret/DONNEES_FOR_ECO_SUD/Resultats_inventaire_et_carte_ecofor/02-Donnees/Decoupage250K/11N/PRODUITS_IEQM_11N_GDB.zip,https://diffusion.mffp.gouv.qc.ca/Diffusion/DonneeGratuite/Foret/DONNEES_FOR_ECO_SUD/Resultats_inventaire_et_carte_ecofor/02-Donnees/Decoupage250K/11N/PRODUITS_IEQM_11N_GPKG.zip
31L,NORTH BAY,https://diffusion.mffp.gouv.qc.ca/Diffusion/DonneeGratuite/Foret/DONNEES_FOR_ECO_SUD/Resultats_inventaire_et_carte_ecofor/02-Donnees/Decoupage250K/31L/,https://diffusion.mffp.gouv.qc.ca/Diffusion/DonneeGratuite/Foret/DONNEES_FOR_ECO_SUD/Resultats_inventaire_et_carte_ecofor/02-Donnees/Decoupage250K/31L/PRODUITS_IEQM_31L_GDB.zip,https://diffusion.mffp.gouv.qc.ca/Diffusion/DonneeGratuite/Foret/DONNEES_FOR_ECO_SUD/Resultats_inventaire_et_carte_ecofor/02-Donnees/Decoupage250K/31L/PRODUITS_IEQM_31L_GPKG.zip
31K,DEEP RIVER,https://diffusion.mffp.gouv.qc.ca/Diffusion/DonneeGratuite/Foret/DONNEES_FOR_ECO_SUD/Resultats_inventaire_et_carte_ecofor/02-Donnees/Decoupage250K/31K/,https://diffusion.mffp.gouv.qc.ca/Diffusion/DonneeGratuite/Foret/DONNEES_FOR_ECO_SUD/Resultats_inventaire_et_carte_ecofor/02-Donnees/Decoupage250K/31K/PRODUITS_IEQM_31K_GDB.zip,https://diffusion.mffp.gouv.qc.ca/Diffusion/DonneeGratuite/Foret/DONNEES_FOR_ECO_SUD/Resultats_inventaire_et_carte_ecofor/02-Donnees/Decoupage250K/31K/PRODUITS_IEQM_31K_GPKG.zip
31J,MONT-LAURIER,https://diffusion.mffp.gouv.qc.ca/Diffusion/DonneeGratuite/Foret/DONNEES_FOR_ECO_SUD/Resultats_inventaire_et_carte_ecofor/02-Donnees/Decoupage250K/31J/,https://diffusion.mffp.gouv.qc.ca/Diffusion/DonneeGratuite/Foret/DONNEES_FOR_ECO_SUD/Resultats_inventaire_et_carte_ecofor/02-Donnees/Decoupage250K/31J/PRODUITS_IEQM_31J_GDB.zip,https://diffusion.mffp.gouv.qc.ca/Diffusion/DonneeGratuite/Foret/DONNEES_FOR_ECO_SUD/Resultats_inventaire_et_carte_ecofor/02-Donnees/Decoupage250K/31J/PRODUITS_IEQM_31J_GPKG.zip
31I,TROIS-RIVIÈRES,https://diffusion.mffp.gouv.qc.ca/Diffusion/DonneeGratuite/Foret/DONNEES_FOR_ECO_SUD/Resultats_inventaire_et_carte_ecofor/02-Donnees/Decoupage250K/31I/,https://diffusion.mffp.gouv.qc.ca/Diffusion/DonneeGratuite/Foret/DONNEES_FOR_ECO_SUD/Resultats_inventaire_et_carte_ecofor/02-Donnees/Decoupage250K/31I/PRODUITS_IEQM_31I_GDB.zip,https://diffusion.mffp.gouv.qc.ca/Diffusion/DonneeGratuite/Foret/DONNEES_FOR_ECO_SUD/Resultats_inventaire_et_carte_ecofor/02-Donnees/Decoupage250K/31I/PRODUITS_IEQM_31I_GPKG.zip
21L,QUÉBEC,https://diffusion.mffp.gouv.qc.ca/Diffusion/DonneeGratuite/Foret/DONNEES_FOR_ECO_SUD/Resultats_inventaire_et_carte_ecofor/02-Donnees/Decoupage250K/21L/,https://diffusion.mffp.gouv.qc.ca/Diffusion/DonneeGratuite/Foret/DONNEES_FOR_ECO_SUD/Resultats_inventaire_et_carte_ecofor/02-Donnees/Decoupage250K/21L/PRODUITS_IEQM_21L_GDB.zip,https://diffusion.mffp.gouv.qc.ca/Diffusion/DonneeGratuite/Foret/DONNEES_FOR_ECO_SUD/Resultats_inventaire_et_carte_ecofor/02-Donnees/Decoupage250K/21L/PRODUITS_IEQM_21L_GPKG.zip
21K,SAINT-PAMPHILE,https://diffusion.mffp.gouv.qc.ca/Diffusion/DonneeGratuite/Foret/DONNEES_FOR_ECO_SUD/Resultats_inventaire_et_carte_ecofor/02-Donnees/Decoupage250K/21K/,https://diffusion.mffp.gouv.qc.ca/Diffusion/DonneeGratuite/Foret/DONNEES_FOR_ECO_SUD/Resultats_inventaire_et_carte_ecofor/02-Donnees/Decoupage250K/21K/PRODUITS_IEQM_21K_GDB.zip,https://diffusion.mffp.gouv.qc.ca/Diffusion/DonneeGratuite/Foret/DONNEES_FOR_ECO_SUD/Resultats_inventaire_et_carte_ecofor/02-Donnees/Decoupage250K/21K/PRODUITS_IEQM_21K_GPKG.zip
31F,PEMBROKE,https://diffusion.mffp.gouv.qc.ca/Diffusion/DonneeGratuite/Foret/DONNEES_FOR_ECO_SUD/Resultats_inventaire_et_carte_ecofor/02-Donnees/Decoupage250K/31F/,https://diffusion.mffp.gouv.qc.ca/Diffusion/DonneeGratuite/Foret/DONNEES_FOR_ECO_SUD/Resultats_inventaire_et_carte_ecofor/02-Donnees/Decoupage250K/31F/PRODUITS_IEQM_31F_GDB.zip,https://diffusion.mffp.gouv.qc.ca/Diffusion/DonneeGratuite/Foret/DONNEES_FOR_ECO_SUD/Resultats_inventaire_et_carte_ecofor/02-Donnees/Decoupage250K/31F/PRODUITS_IEQM_31F_GPKG.zip
31G,OTTAWA,https://diffusion.mffp.gouv.qc.ca/Diffusion/DonneeGratuite/Foret/DONNEES_FOR_ECO_SUD/Resultats_inventaire_et_carte_ecofor/02-Donnees/Decoupage250K/31G/,https://diffusion.mffp.gouv.qc.ca/Diffusion/DonneeGratuite/Foret/DONNEES_FOR_ECO_SUD/Resultats_inventaire_et_carte_ecofor/02-Donnees/Decoupage250K/31G/PRODUITS_IEQM_31G_GDB.zip,https://diffusion.mffp.gouv.qc.ca/Diffusion/DonneeGratuite/Foret/DONNEES_FOR_ECO_SUD/Resultats_inventaire_et_carte_ecofor/02-Donnees/Decoupage250K/31G/PRODUITS_IEQM_31G_GPKG.zip
31H,MONTRÉAL,https://diffusion.mffp.gouv.qc.ca/Diffusion/DonneeGratuite/Foret/DONNEES_FOR_ECO_SUD/Resultats_inventaire_et_carte_ecofor/02-Donnees/Decoupage250K/31H/,https://diffusion.mffp.gouv.qc.ca/Diffusion/DonneeGratuite/Foret/DONNEES_FOR_ECO_SUD/Resultats_inventaire_et_carte_ecofor/02-Donnees/Decoupage250K/31H/PRODUITS_IEQM_31H_GDB.zip,https://diffusion.mffp.gouv.qc.ca/Diffusion/DonneeGratuite/Foret/DONNEES_FOR_ECO_SUD/Resultats_inventaire_et_carte_ecofor/02-Donnees/Decoupage250K/31H/PRODUITS_IEQM_31H_GPKG.zip
21E,SHERBROOKE,https://diffusion.mffp.gouv.qc.ca/Diffusion/DonneeGratuite/Foret/DONNEES_FOR_ECO_SUD/Resultats_inventaire_et_carte_ecofor/02-Donnees/Decoupage250K/21E/,https://diffusion.mffp.gouv.qc.ca/Diffusion/DonneeGratuite/Foret/DONNEES_FOR_ECO_SUD/Resultats_inventaire_et_carte_ecofor/02-Donnees/Decoupage250K/21E/PRODUITS_IEQM_21E_GDB.zip,https://diffusion.mffp.gouv.qc.ca/Diffusion/DonneeGratuite/Foret/DONNEES_FOR_ECO_SUD/Resultats_inventaire_et_carte_ecofor/02-Donnees/Decoupage250K/21E/PRODUITS_IEQM_21E_GPKG.zip
31B,OGDENSBURG,https://diffusion.mffp.gouv.qc.ca/Diffusion/DonneeGratuite/Foret/DONNEES_FOR_ECO_SUD/Resultats_inventaire_et_carte_ecofor/02-Donnees/Decoupage250K/31B/,https://diffusion.mffp.gouv.qc.ca/Diffusion/DonneeGratuite/Foret/DONNEES_FOR_ECO_SUD/Resultats_inventaire_et_carte_ecofor/02-Donnees/Decoupage250K/31B/PRODUITS_IEQM_31B_GDB.zip,https://diffusion.mffp.gouv.qc.ca/Diffusion/DonneeGratuite/Foret/DONNEES_FOR_ECO_SUD/Resultats_inventaire_et_carte_ecofor/02-Donnees/Decoupage250K/31B/PRODUITS_IEQM_31B_GPKG.zip
31A,N/A,https://diffusion.mffp.gouv.qc.ca/Diffusion/DonneeGratuite/Foret/DONNEES_FOR_ECO_SUD/Resultats_inventaire_et_carte_ecofor/02-Donnees/Decoupage250K/31A/,https://diffusion.mffp.gouv.qc.ca/Diffusion/DonneeGratuite/Foret/DONNEES_FOR_ECO_SUD/Resultats_inventaire_et_carte_ecofor/02-Donnees/Decoupage250K/31A/PRODUITS_IEQM_31A_GDB.zip,https://diffusion.mffp.gouv.qc.ca/Diffusion/DonneeGratuite/Foret/DONNEES_FOR_ECO_SUD/Resultats_inventaire_et_carte_ecofor/02-Donnees/Decoupage250K/31A/PRODUITS_IEQM_31A_GPKG.zip
